{
  "id": "runners-in-the-shadows",
  "title": "Runners in the Shadows",
  "description": "Runners in the Shadows game system.",
  "version": "0.1",
  "compatibility": {
    "minimum": 11,
    "verified": "12.330"
  },
  "background": "systems/blades-in-the-dark/images/BITD_title.webp",
  "url": "https://github.com/PyraMyst/runners_in_the_shadows/",
  "manifest": "https://raw.githubusercontent.com/PyraMyst/runners_in_the_shadows/master/system.json",
  "download": "",
  "authors": [
    { "name": "megastruktur" },
    { "name": "drewg13" },
    { "name": "justinross" },
    { "name": "Dez384" }
    { "name": "PyraMyst"}
  ],
  "esmodules": [
    "module/blades.js"
  ],
  "styles": [
    "styles/blades.css"
  ],
  "languages": [
    {
      "lang": "en",
      "name": "English",
      "path": "lang/en.json"
    }
  ],
  "packs": [
    {
      "name": "class",
      "label": "Classes",
      "system": "blades-in-the-dark",
      "path": "./packs/classes.db",
      "banner": "systems/blades-in-the-dark/images/compendium-banners/Doskvol_00.webp",
      "type": "Item"
    },
    {
      "name": "heritage",
      "label": "Heritages",
      "system": "blades-in-the-dark",
      "path": "./packs/heritages.db",
      "banner": "systems/blades-in-the-dark/images/compendium-banners/Doskvol_01.webp",
      "type": "Item"
    },
    {
      "name": "vice",
      "label": "Vices",
      "system": "blades-in-the-dark",
      "path": "./packs/vices.db",
      "banner": "systems/blades-in-the-dark/images/compendium-banners/Doskvol_02.webp",
      "type": "Item"
    },
    {
      "name": "prison",
      "label": "Prisons",
      "system": "blades-in-the-dark",
      "path": "./packs/prison.db",
      "banner": "systems/blades-in-the-dark/images/compendium-banners/Doskvol_03.webp",
      "type": "Item"
    },
    {
      "name": "background",
      "label": "Backgrounds",
      "system": "blades-in-the-dark",
      "path": "./packs/backgrounds.db",
      "banner": "systems/blades-in-the-dark/images/compendium-banners/Doskvol_04.webp",
      "type": "Item"
    },
    {
      "name": "item",
      "label": "Items",
      "system": "blades-in-the-dark",
      "path": "./packs/items.db",
      "banner": "systems/blades-in-the-dark/images/compendium-banners/Doskvol_05.webp",
      "type": "Item"
    },
    {
      "name": "ability",
      "label": "Abilities",
      "system": "blades-in-the-dark",
      "path": "./packs/abilities.db",
      "banner": "systems/blades-in-the-dark/images/compendium-banners/Doskvol_06.webp",
      "type": "Item"
    },
    {
      "name": "crew_reputation",
      "label": "Crew Reputation",
      "system": "blades-in-the-dark",
      "path": "./packs/crew_reputation.db",
      "banner": "systems/blades-in-the-dark/images/compendium-banners/Doskvol_07.webp",
      "type": "Item"
    },
    {
      "name": "crew_type",
      "label": "Crew Types",
      "system": "blades-in-the-dark",
      "path": "./packs/crew_types.db",
      "banner": "systems/blades-in-the-dark/images/compendium-banners/Doskvol_08.webp",
      "type": "Item"
    },
    {
      "name": "crew_upgrade",
      "label": "Crew Upgrades",
      "system": "blades-in-the-dark",
      "path": "./packs/crew_upgrades.db",
      "banner": "systems/blades-in-the-dark/images/compendium-banners/Doskvol_09.webp",
      "type": "Item"
    },
    {
      "name": "crew_ability",
      "label": "Crew Abilities",
      "system": "blades-in-the-dark",
      "path": "./packs/crew_abilities.db",
      "banner": "systems/blades-in-the-dark/images/compendium-banners/Doskvol_10.webp",
      "type": "Item"
    },
    {
      "name": "hunting_grounds",
      "label": "Hunting Grounds",
      "system": "blades-in-the-dark",
      "path": "./packs/hunting_grounds.db",
      "banner": "systems/blades-in-the-dark/images/compendium-banners/Doskvol_11.webp",
      "type": "Item"
    },
	{
      "name": "faction",
      "label": "Factions",
      "system": "blades-in-the-dark",
      "path": "./packs/factions.db",
      "banner": "systems/blades-in-the-dark/images/compendium-banners/Doskvol_12.webp",
      "type": "Item"
    },
    {
      "name": "npc",
      "label": "NPCs",
      "system": "blades-in-the-dark",
      "path": "./packs/npcs.db",
      "banner": "systems/blades-in-the-dark/images/compendium-banners/Doskvol_13.webp",
      "type": "Actor"
    },
	{
      "name": "entanglements",
      "label": "Entanglements",
      "system": "blades-in-the-dark",
      "path": "./packs/entanglements.db",
      "banner": "systems/blades-in-the-dark/images/compendium-banners/Doskvol_14.webp",
      "type": "RollTable"
    },
	{
      "name": "entanglements-journals",
      "label": "Entanglements Journals",
      "system": "blades-in-the-dark",
      "path": "./packs/entanglements-journals.db",
      "banner": "systems/blades-in-the-dark/images/compendium-banners/Doskvol_15.webp",
      "type": "JournalEntry"
    },
	{
      "name": "entanglements-macro",
      "label": "Entanglements Macro",
      "system": "blades-in-the-dark",
      "path": "./packs/entanglements-macro.db",
      "banner": "systems/blades-in-the-dark/images/compendium-banners/Doskvol_16.webp",
      "type": "Macro"
    }
  ],
  "packFolders": [
    {
      "name": "Character Options",
      "sorting": "m",
      "packs": ["class", "ability", "item", "background", "heritage", "vice"]
	},
    {
      "name": "Crew Options",
      "sorting": "m",
      "packs": ["crew_type", "crew_ability", "crew_upgrade", "prison", "crew_reputation", "hunting_grounds"]
	},
    {
      "name": "Factions & NPCs",
      "sorting": "m",
      "packs": ["faction", "npc"]
	},
    {
      "name": "Entanglements",
      "sorting": "m",
      "packs": ["entanglements-macro", "entanglements", "entanglements-journals"]
	}
  ]
}
